sample_id,bio_replicate,assay,genotype,replicate,clone_name,mutation_cdna,mutation_protein,rin,organism,cell_type,molecule,strandedness,library_kit,platform,instrument_id,flowcell_id,run_number,lanes,fastq_1,fastq_2,md5_fastq_1,md5_fastq_2,geo_accession,sra_accession,source_note
WT_1_RNA,WT_1,RNA,WT,1,WT_1,WT/WT,WT/WT,9.1,Homo sapiens,iPSC-derived neuro-ectoderm (day 8 of differentiation),polyA-selected mRNA,auto,Illumina Stranded mRNA Prep,Illumina NovaSeq X Plus (10B flow cell),LL00123,235JGFLT3,13,3;4;5,fastq_rna/WT_1_RNA_R1.fastq.gz,fastq_rna/WT_1_RNA_R2.fastq.gz,4c0596217ec46fab764d2c89daa4edc9,084efacbe61a2834293962a2aa17ffd3,,,ED25_003_NCC_NE_RNAseq GIM-25-0001 (3 lanes merged: 3/4/5; copied as-is). Lanes/instrument confirmed from FASTQ headers 2026-09-13; corrects earlier 'single lane' note.
WT_2_RNA,WT_2,RNA,WT,2,WT_2,WT/WT,WT/WT,9.2,Homo sapiens,iPSC-derived neuro-ectoderm (day 8 of differentiation),polyA-selected mRNA,auto,Illumina Stranded mRNA Prep,Illumina NovaSeq X Plus (10B flow cell),LL00123,235JGFLT3,13,3;4;5,fastq_rna/WT_2_RNA_R1.fastq.gz,fastq_rna/WT_2_RNA_R2.fastq.gz,1dede37ca462fa9857a082856c34bcb2,cc8c0aa311f38b142968ffc915ab3314,,,ED25_003_NCC_NE_RNAseq GIM-25-0002 (3 lanes merged: 3/4/5; copied as-is). Lanes/instrument confirmed from FASTQ headers 2026-09-13; corrects earlier 'single lane' note.
WT_3_RNA,WT_3,RNA,WT,3,WT_3,WT/WT,WT/WT,7.3,Homo sapiens,iPSC-derived neuro-ectoderm (day 8 of differentiation),polyA-selected mRNA,auto,Illumina Stranded mRNA Prep,Illumina NovaSeq X Plus (10B flow cell),LL00123,235JGFLT3,13,3;4;5,fastq_rna/WT_3_RNA_R1.fastq.gz,fastq_rna/WT_3_RNA_R2.fastq.gz,517e4003cf90891ea66086e928bde045,de0b4d041ef753c981d9f9ef5a2e6d21,,,ED25_003_NCC_NE_RNAseq GIM-25-0003 (3 lanes merged: 3/4/5; copied as-is). Lanes/instrument confirmed from FASTQ headers 2026-09-13; corrects earlier 'single lane' note.
KMT2D_Het_1_RNA,KMT2D_Het_1,RNA,KMT2D_Het,1,KMT2D_11_A,c.1301_1302insA/WT,p.L434fs/WT,8.2,Homo sapiens,iPSC-derived neuro-ectoderm (day 8 of differentiation),polyA-selected mRNA,auto,Illumina Stranded mRNA Prep,Illumina NovaSeq X Plus (10B flow cell),LL00123,235JGFLT3,13,3;4;5,fastq_rna/KMT2D_Het_1_RNA_R1.fastq.gz,fastq_rna/KMT2D_Het_1_RNA_R2.fastq.gz,ecf2ceea1befe0a54b3ed2f554b2e16d,4438994f31e8c9555ef10c925cfc78f3,,,ED25_003_NCC_NE_RNAseq GIM-25-0007 (3 lanes merged: 3/4/5; copied as-is). Lanes/instrument confirmed from FASTQ headers 2026-09-13; corrects earlier 'single lane' note.
KMT2D_Het_2_RNA,KMT2D_Het_2,RNA,KMT2D_Het,2,KMT2D_12_i,c.1301_1302insA/WT,p.L434fs/WT,8.3,Homo sapiens,iPSC-derived neuro-ectoderm (day 8 of differentiation),polyA-selected mRNA,auto,Illumina Stranded mRNA Prep,Illumina NovaSeq X Plus (10B flow cell),LL00123,235JGFLT3,13,3;4;5,fastq_rna/KMT2D_Het_2_RNA_R1.fastq.gz,fastq_rna/KMT2D_Het_2_RNA_R2.fastq.gz,60e141e42d042ca60bbe3c9a26b64b2d,0caa5fb4d37b1e5b0b361f323d6a1d10,,,ED25_003_NCC_NE_RNAseq GIM-25-0008 (3 lanes merged: 3/4/5; copied as-is). Lanes/instrument confirmed from FASTQ headers 2026-09-13; corrects earlier 'single lane' note.
KMT2D_Het_3_RNA,KMT2D_Het_3,RNA,KMT2D_Het,3,KMT2D_14_B,c.1301_1302insA/WT,p.L434fs/WT,7.8,Homo sapiens,iPSC-derived neuro-ectoderm (day 8 of differentiation),polyA-selected mRNA,auto,Illumina Stranded mRNA Prep,Illumina NovaSeq X Plus (10B flow cell),LL00123,235JGFLT3,13,3;4;5,fastq_rna/KMT2D_Het_3_RNA_R1.fastq.gz,fastq_rna/KMT2D_Het_3_RNA_R2.fastq.gz,d8eded0d741480bd8529b7dc6f10f40a,c4222f11d59999a8962fb3bef2647932,,,ED25_003_NCC_NE_RNAseq GIM-25-0009 (3 lanes merged: 3/4/5; copied as-is). Lanes/instrument confirmed from FASTQ headers 2026-09-13; corrects earlier 'single lane' note.
KDM6A_ko_1_RNA,KDM6A_ko_1,RNA,KDM6A_ko,1,KDM6A_e2,c.306_318delinsTAAgaggatcc,p.N103*,9.7,Homo sapiens,iPSC-derived neuro-ectoderm (day 8 of differentiation),polyA-selected mRNA,auto,Illumina Stranded mRNA Prep,Illumina NovaSeq X Plus (10B flow cell),LL00123,235JGFLT3,13,3;4;5,fastq_rna/KDM6A_ko_1_RNA_R1.fastq.gz,fastq_rna/KDM6A_ko_1_RNA_R2.fastq.gz,024f1ca9e3e451f4cd4b7f9ebcbee170,d85e95e5647b8dd4676392cb72affdbd,,,ED25_003_NCC_NE_RNAseq GIM-25-0010 (3 lanes merged: 3/4/5; copied as-is). Lanes/instrument confirmed from FASTQ headers 2026-09-13; corrects earlier 'single lane' note.
KDM6A_ko_2_RNA,KDM6A_ko_2,RNA,KDM6A_ko,2,KDM6A_e9,c.306_318delinsTAAgaggatcc,p.N103*,8.1,Homo sapiens,iPSC-derived neuro-ectoderm (day 8 of differentiation),polyA-selected mRNA,auto,Illumina Stranded mRNA Prep,Illumina NovaSeq X Plus (10B flow cell),LL00123,235JGFLT3,13,3;4;5,fastq_rna/KDM6A_ko_2_RNA_R1.fastq.gz,fastq_rna/KDM6A_ko_2_RNA_R2.fastq.gz,0969c45f1e2c5e80b4098ca7b7ec5cfa,89869982919d24aeffc954160458d95a,,,ED25_003_NCC_NE_RNAseq GIM-25-0011 (3 lanes merged: 3/4/5; copied as-is). Lanes/instrument confirmed from FASTQ headers 2026-09-13; corrects earlier 'single lane' note.
KDM6A_ko_3_RNA,KDM6A_ko_3,RNA,KDM6A_ko,3,KDM6A_e23,c.306_318delinsTAAgaggatcc,p.N103*,10,Homo sapiens,iPSC-derived neuro-ectoderm (day 8 of differentiation),polyA-selected mRNA,auto,Illumina Stranded mRNA Prep,Illumina NovaSeq X Plus (10B flow cell),LL00123,235JGFLT3,13,3;4;5,fastq_rna/KDM6A_ko_3_RNA_R1.fastq.gz,fastq_rna/KDM6A_ko_3_RNA_R2.fastq.gz,daec6a789bb6d05fdd0409752db523a5,a173644d33c6594ba5cba2a365f9fd03,,,ED25_003_NCC_NE_RNAseq GIM-25-0012 (3 lanes merged: 3/4/5; copied as-is). Lanes/instrument confirmed from FASTQ headers 2026-09-13; corrects earlier 'single lane' note.
WT_1_ATAC,WT_1,ATAC,WT,1,WT_1,WT/WT,WT/WT,,Homo sapiens,iPSC-derived neuro-ectoderm (day 8 of differentiation),"genomic DNA (ATAC-seq, Tn5-tagmented)",NA,"ATAC-Seq Express Kit (Active Motif) -- catalog # TBC, was given as 53150 (standard kit) earlier, confirm",Illumina NextSeq 550,NB552697,H7VCKBGY2,228,1;2;3;4,fastq_atac/WT_1_ATAC_R1.fastq.gz,fastq_atac/WT_1_ATAC_R2.fastq.gz,1d05121272f60c5174dbde462682271e,82c86dcf036c67bff8d37ce1eea862f2,,,"ED26_001_ATAC_c wt_1_rep1 (WT1_S9; lanes L001-L004 merged). Same NextSeq run/flow cell (228/H7VCKBGY2) as WT+KMT2D_Het ATAC; DIFFERENT run/flow cell from KDM6A_ko ATAC (run 233/H7T32BGY2) -- genotype-confounded batch, flag in methods"
WT_2_ATAC,WT_2,ATAC,WT,2,WT_2,WT/WT,WT/WT,,Homo sapiens,iPSC-derived neuro-ectoderm (day 8 of differentiation),"genomic DNA (ATAC-seq, Tn5-tagmented)",NA,"ATAC-Seq Express Kit (Active Motif) -- catalog # TBC, was given as 53150 (standard kit) earlier, confirm",Illumina NextSeq 550,NB552697,H7VCKBGY2,228,1;2;3;4,fastq_atac/WT_2_ATAC_R1.fastq.gz,fastq_atac/WT_2_ATAC_R2.fastq.gz,841cbe895afc7dfcf5df928de0465bb0,9770b7f0edfc63dec49dbc60da11ad19,,,"ED26_001_ATAC_c wt_2_rep2 (WT2_S10; lanes L001-L004 merged). Same NextSeq run/flow cell (228/H7VCKBGY2) as WT+KMT2D_Het ATAC; DIFFERENT run/flow cell from KDM6A_ko ATAC (run 233/H7T32BGY2) -- genotype-confounded batch, flag in methods"
WT_3_ATAC,WT_3,ATAC,WT,3,WT_3,WT/WT,WT/WT,,Homo sapiens,iPSC-derived neuro-ectoderm (day 8 of differentiation),"genomic DNA (ATAC-seq, Tn5-tagmented)",NA,"ATAC-Seq Express Kit (Active Motif) -- catalog # TBC, was given as 53150 (standard kit) earlier, confirm",Illumina NextSeq 550,NB552697,H7VCKBGY2,228,1;2;3;4,fastq_atac/WT_3_ATAC_R1.fastq.gz,fastq_atac/WT_3_ATAC_R2.fastq.gz,bb37b507f274570ffd688814f5180d04,9bed579726686db01c9382cca8dd6425,,,"ED26_001_ATAC_c wt_3_rep3 (WT3_S11; lanes L001-L004 merged). Same NextSeq run/flow cell (228/H7VCKBGY2) as WT+KMT2D_Het ATAC; DIFFERENT run/flow cell from KDM6A_ko ATAC (run 233/H7T32BGY2) -- genotype-confounded batch, flag in methods"
KMT2D_Het_1_ATAC,KMT2D_Het_1,ATAC,KMT2D_Het,1,KMT2D_11_A,c.1301_1302insA/WT,p.L434fs/WT,,Homo sapiens,iPSC-derived neuro-ectoderm (day 8 of differentiation),"genomic DNA (ATAC-seq, Tn5-tagmented)",NA,"ATAC-Seq Express Kit (Active Motif) -- catalog # TBC, was given as 53150 (standard kit) earlier, confirm",Illumina NextSeq 550,NB552697,H7VCKBGY2,228,1;2;3;4,fastq_atac/KMT2D_Het_1_ATAC_R1.fastq.gz,fastq_atac/KMT2D_Het_1_ATAC_R2.fastq.gz,81301858cc886a171d0933e68f803872,12c131dd50eeb0794c6e5b73c901f49b,,,"ED26_001_ATAC_c kmt2d_het_1_rep1 (D8-11A_S12; lanes L001-L004 merged). Same NextSeq run/flow cell (228/H7VCKBGY2) as WT+KMT2D_Het ATAC; DIFFERENT run/flow cell from KDM6A_ko ATAC (run 233/H7T32BGY2) -- genotype-confounded batch, flag in methods"
KMT2D_Het_2_ATAC,KMT2D_Het_2,ATAC,KMT2D_Het,2,KMT2D_12_i,c.1301_1302insA/WT,p.L434fs/WT,,Homo sapiens,iPSC-derived neuro-ectoderm (day 8 of differentiation),"genomic DNA (ATAC-seq, Tn5-tagmented)",NA,"ATAC-Seq Express Kit (Active Motif) -- catalog # TBC, was given as 53150 (standard kit) earlier, confirm",Illumina NextSeq 550,NB552697,H7VCKBGY2,228,1;2;3;4,fastq_atac/KMT2D_Het_2_ATAC_R1.fastq.gz,fastq_atac/KMT2D_Het_2_ATAC_R2.fastq.gz,954f8f5f474d280d7ae9bf8e44c40e19,e8c2528945f4ea82e85d25d3e1bde949,,,"ED26_001_ATAC_c kmt2d_het_2_rep2 (D8-12I_S13; lanes L001-L004 merged). Same NextSeq run/flow cell (228/H7VCKBGY2) as WT+KMT2D_Het ATAC; DIFFERENT run/flow cell from KDM6A_ko ATAC (run 233/H7T32BGY2) -- genotype-confounded batch, flag in methods"
KMT2D_Het_3_ATAC,KMT2D_Het_3,ATAC,KMT2D_Het,3,KMT2D_14_B,c.1301_1302insA/WT,p.L434fs/WT,,Homo sapiens,iPSC-derived neuro-ectoderm (day 8 of differentiation),"genomic DNA (ATAC-seq, Tn5-tagmented)",NA,"ATAC-Seq Express Kit (Active Motif) -- catalog # TBC, was given as 53150 (standard kit) earlier, confirm",Illumina NextSeq 550,NB552697,H7VCKBGY2,228,1;2;3;4,fastq_atac/KMT2D_Het_3_ATAC_R1.fastq.gz,fastq_atac/KMT2D_Het_3_ATAC_R2.fastq.gz,bc2336d48120454b1690ca793806dcf4,45a15481d78489931ed7b82e97554ff4,,,"ED26_001_ATAC_c kmt2d_het_3_rep3 (D8-14B_S14; lanes L001-L004 merged). Same NextSeq run/flow cell (228/H7VCKBGY2) as WT+KMT2D_Het ATAC; DIFFERENT run/flow cell from KDM6A_ko ATAC (run 233/H7T32BGY2) -- genotype-confounded batch, flag in methods"
KDM6A_ko_1_ATAC,KDM6A_ko_1,ATAC,KDM6A_ko,1,KDM6A_e2,c.306_318delinsTAAgaggatcc,p.N103*,,Homo sapiens,iPSC-derived neuro-ectoderm (day 8 of differentiation),"genomic DNA (ATAC-seq, Tn5-tagmented)",NA,"ATAC-Seq Express Kit (Active Motif) -- catalog # TBC, was given as 53150 (standard kit) earlier, confirm",Illumina NextSeq 550,NB552697,H7T32BGY2,233,1;2;3;4,fastq_atac/KDM6A_ko_1_ATAC_R1.fastq.gz,fastq_atac/KDM6A_ko_1_ATAC_R2.fastq.gz,2525e2754c9e33c743138275226f0483,98283f8ce8d3d470780971b37ba2e31b,,,"ED26_001_ATAC_c kdm6a_ko_rep1 (run2_KDM6A/Emile-e2_S7; lanes L001-L004 merged). DIFFERENT NextSeq run/flow cell (run 233/H7T32BGY2) from WT+KMT2D_Het ATAC (run 228/H7VCKBGY2) -- genotype-confounded batch, flag in methods"
KDM6A_ko_2_ATAC,KDM6A_ko_2,ATAC,KDM6A_ko,2,KDM6A_e9,c.306_318delinsTAAgaggatcc,p.N103*,,Homo sapiens,iPSC-derived neuro-ectoderm (day 8 of differentiation),"genomic DNA (ATAC-seq, Tn5-tagmented)",NA,"ATAC-Seq Express Kit (Active Motif) -- catalog # TBC, was given as 53150 (standard kit) earlier, confirm",Illumina NextSeq 550,NB552697,H7T32BGY2,233,1;2;3;4,fastq_atac/KDM6A_ko_2_ATAC_R1.fastq.gz,fastq_atac/KDM6A_ko_2_ATAC_R2.fastq.gz,e2b6ab8f28badba1a9b0db13dd75c779,685b773a157abd3f77cbd385e57295f6,,,"ED26_001_ATAC_c kdm6a_ko_rep2 (run2_KDM6A/emile-e9_S8; lanes L001-L004 merged). DIFFERENT NextSeq run/flow cell (run 233/H7T32BGY2) from WT+KMT2D_Het ATAC (run 228/H7VCKBGY2) -- genotype-confounded batch, flag in methods"
KDM6A_ko_3_ATAC,KDM6A_ko_3,ATAC,KDM6A_ko,3,KDM6A_e23,c.306_318delinsTAAgaggatcc,p.N103*,,Homo sapiens,iPSC-derived neuro-ectoderm (day 8 of differentiation),"genomic DNA (ATAC-seq, Tn5-tagmented)",NA,"ATAC-Seq Express Kit (Active Motif) -- catalog # TBC, was given as 53150 (standard kit) earlier, confirm",Illumina NextSeq 550,NB552697,H7T32BGY2,233,1;2;3;4,fastq_atac/KDM6A_ko_3_ATAC_R1.fastq.gz,fastq_atac/KDM6A_ko_3_ATAC_R2.fastq.gz,3fe2836d1151d19c7d31252eebd1d237,b533975d464b53a3b69bcd92206f293a,,,"ED26_001_ATAC_c kdm6a_ko_rep3 (run2_KDM6A/emile-e23_S9; lanes L001-L004 merged). DIFFERENT NextSeq run/flow cell (run 233/H7T32BGY2) from WT+KMT2D_Het ATAC (run 228/H7VCKBGY2) -- genotype-confounded batch, flag in methods"
